-- MySQL dump 10.13  Distrib 5.1.57, for redhat-linux-gnu (x86_64)
--
-- Host: localhost    Database: a5344899_juan
-- ------------------------------------------------------
-- Server version	5.1.57
/*!40103 SET @OLD_TIME_ZONE=@@TIME_ZONE */;
/*!40103 SET TIME_ZONE='+00:00' */;
/*!40014 SET @OLD_UNIQUE_CHECKS=@@UNIQUE_CHECKS, UNIQUE_CHECKS=0 */;
/*!40014 SET @OLD_FOREIGN_KEY_CHECKS=@@FOREIGN_KEY_CHECKS, FOREIGN_KEY_CHECKS=0 */;
/*!40101 SET @OLD_SQL_MODE=@@SQL_MODE, SQL_MODE='NO_AUTO_VALUE_ON_ZERO' */;
/*!40111 SET @OLD_SQL_NOTES=@@SQL_NOTES, SQL_NOTES=0 */;

--
-- Table structure for table `acum_cargas`
--

DROP TABLE IF EXISTS `acum_cargas`;
/*!40101 SET @saved_cs_client     = @@character_set_client */;
/*!40101 SET character_set_client = utf8 */;
CREATE TABLE `acum_cargas` (
  `id_carga` int(11) NOT NULL AUTO_INCREMENT,
  `num_mesa` int(11) NOT NULL,
  `fecha_apertura` datetime NOT NULL,
  `fecha_cierre` datetime NOT NULL,
  `total_pedido` decimal(8,2) NOT NULL,
  `pago_con` decimal(8,2) NOT NULL,
  `vuelto` decimal(8,2) NOT NULL,
  `comensales` int(11) NOT NULL,
  PRIMARY KEY (`id_carga`)
) ENGINE=MyISAM AUTO_INCREMENT=116 DEFAULT CHARSET=latin1;
/*!40101 SET character_set_client = @saved_cs_client */;

--
-- Dumping data for table `acum_cargas`
--

LOCK TABLES `acum_cargas` WRITE;
/*!40000 ALTER TABLE `acum_cargas` DISABLE KEYS */;
INSERT INTO `acum_cargas` VALUES (71,8,'2012-12-16 18:43:30','2012-12-16 18:43:55','149.00','150.00','1.00',0),(72,8,'2012-12-16 18:52:35','2012-12-16 18:52:55','0.00','0.00','0.00',0),(73,8,'2012-12-16 19:41:04','2012-12-16 19:43:14','53.00','999.00','946.00',0),(74,8,'2012-12-16 19:56:26','2012-12-16 19:56:43','45.00','88.00','43.00',0),(75,10,'2012-12-16 19:57:46','2012-12-16 19:58:16','144.00','765.00','621.00',0),(76,10,'2012-12-16 20:42:56','2012-12-16 20:43:50','67.00','999.00','932.00',5),(77,10,'2012-12-16 20:51:31','2012-12-16 20:52:22','92.00','160.00','68.00',3),(78,10,'2012-12-16 22:06:25','2012-12-16 22:08:03','55.00','99.00','44.00',4),(79,6,'2012-12-16 22:10:54','2012-12-16 22:15:44','52.00','192.00','140.00',2),(80,6,'2012-12-16 22:44:10','2012-12-16 22:44:36','67.00','888.00','821.00',5),(81,10,'2012-12-16 23:08:53','2012-12-16 23:10:30','72.00','333.00','261.00',4),(82,10,'2012-12-16 23:12:01','2012-12-16 23:36:22','168.00','233.00','65.00',8),(83,9,'2012-12-16 23:49:36','2012-12-16 23:49:57','97.00','100.00','3.00',2),(84,5,'2012-12-17 00:32:59','2012-12-17 00:35:53','742.00','999.00','257.00',3),(85,6,'2012-12-17 00:36:22','2012-12-17 00:36:44','190.00','200.00','10.00',2),(86,5,'2012-12-17 04:35:50','2012-12-17 04:50:13','58.00','222.00','164.00',3),(87,6,'2012-12-17 04:51:02','2012-12-17 04:51:34','80.00','121.00','41.00',2),(88,3,'2012-12-17 20:10:20','2012-12-17 20:12:45','0.00','0.00','0.00',0),(89,4,'2012-12-17 20:12:50','2012-12-17 20:12:55','0.00','0.00','0.00',0),(90,5,'2012-12-18 01:48:59','2012-12-18 01:53:45','199.00','223.00','24.00',3),(91,6,'2012-12-18 02:39:28','2012-12-18 02:40:08','0.00','0.00','0.00',0),(92,5,'2012-12-18 02:41:51','2012-12-18 03:38:24','999.99','999.99','713.00',3),(93,6,'2012-12-18 03:38:52','2012-12-18 03:46:28','423.00','500.00','77.00',3),(94,7,'2012-12-18 03:49:23','2012-12-18 04:31:56','999.99','999.99','351.00',2),(95,6,'2012-12-18 04:34:19','2012-12-18 04:35:45','2840.00','999.99','999.99',2),(96,5,'2012-12-18 04:37:38','2012-12-18 04:38:14','1135.00','1444.00','309.00',2),(97,5,'2012-12-18 06:12:05','2012-12-18 06:13:11','170.00','200.00','30.00',2),(98,6,'2012-12-18 06:29:07','2012-12-18 06:29:32','320.00','888.00','568.00',1),(99,9,'2012-12-18 06:30:55','2012-12-18 06:31:32','772.00','2122.00','1350.00',2),(100,7,'2012-12-18 06:38:04','2012-12-18 06:38:45','1170.00','8838.00','7668.00',5),(101,7,'2012-12-18 06:41:15','2012-12-18 06:41:52','3015.00','39933.00','36918.00',3),(102,7,'2012-12-18 16:03:35','2012-12-18 17:34:09','2679.00','3000.00','321.00',2),(103,4,'2012-12-18 16:46:09','2012-12-18 16:47:41','0.00','0.00','0.00',0),(104,9,'2012-12-18 16:47:47','2012-12-18 16:48:45','0.00','0.00','0.00',0),(105,8,'2012-12-18 16:48:58','2012-12-18 16:51:36','0.00','0.00','0.00',0),(106,5,'2012-12-18 16:51:41','2012-12-18 17:30:04','47.00','324.00','277.00',1),(107,9,'2012-12-18 17:30:27','2012-12-18 17:32:06','1560.00','2000.00','440.00',1),(108,6,'2012-12-18 17:36:35','2012-12-18 17:37:16','2000.00','3000.00','1000.00',2),(109,8,'2012-12-18 17:52:22','2012-12-18 17:53:03','175.00','200.00','25.00',3),(110,9,'2012-12-18 17:53:56','2012-12-18 17:54:28','913.00','2000.00','1087.00',9),(111,8,'2012-12-18 18:10:21','2012-12-18 18:11:27','1397.00','2000.00','603.00',3),(112,9,'2012-12-18 18:27:35','2012-12-18 19:19:47','4192.00','5999.00','1807.00',1),(113,6,'2012-12-18 19:34:29','2012-12-18 19:45:24','22.00','88.00','66.00',2),(114,7,'2012-12-18 19:48:00','2012-12-18 19:51:08','35.00','99.00','64.00',1),(115,6,'2012-12-19 01:24:14','2012-12-19 01:28:32','2371.00','3000.00','629.00',3);
/*!40000 ALTER TABLE `acum_cargas` ENABLE KEYS */;
UNLOCK TABLES;

--
-- Table structure for table `carga_temporal`
--

DROP TABLE IF EXISTS `carga_temporal`;
/*!40101 SET @saved_cs_client     = @@character_set_client */;
/*!40101 SET character_set_client = utf8 */;
CREATE TABLE `carga_temporal` (
  `id_carga` int(11) NOT NULL AUTO_INCREMENT,
  `id_mesa` int(11) NOT NULL,
  `id_producto` int(11) NOT NULL,
  `cantidad` int(11) NOT NULL,
  `subtotal` decimal(10,0) NOT NULL,
  `fecha_carga` datetime NOT NULL,
  PRIMARY KEY (`id_carga`)
) ENGINE=MyISAM AUTO_INCREMENT=585 DEFAULT CHARSET=latin1;
/*!40101 SET character_set_client = @saved_cs_client */;

--
-- Dumping data for table `carga_temporal`
--

LOCK TABLES `carga_temporal` WRITE;
/*!40000 ALTER TABLE `carga_temporal` DISABLE KEYS */;
INSERT INTO `carga_temporal` VALUES (110,6,2,1,'35','2012-12-06 02:42:42'),(111,6,5,1,'52','2012-12-06 02:45:05'),(112,6,2,1,'35','2012-12-06 02:53:03'),(113,7,16,1,'52','2012-12-06 03:36:24'),(114,6,12,3,'126','2012-12-06 03:57:42'),(115,6,17,1,'42','2012-12-06 03:57:53'),(116,6,21,1,'42','2012-12-06 03:58:02'),(117,6,11,1,'35','2012-12-06 04:28:57'),(118,6,12,1,'42','2012-12-06 04:35:06'),(119,6,9,1,'42','2012-12-06 04:35:32'),(120,6,8,1,'44','2012-12-06 04:36:15'),(121,6,10,1,'52','2012-12-06 04:39:02'),(122,6,16,1,'52','2012-12-06 04:39:35'),(123,6,10,1,'52','2012-12-06 04:39:46'),(124,6,9,1,'42','2012-12-06 04:40:50'),(125,6,10,1,'52','2012-12-06 04:41:16'),(126,6,10,1,'52','2012-12-06 04:41:21'),(127,6,16,1,'52','2012-12-06 05:01:40'),(128,6,5,1,'52','2012-12-06 12:23:43'),(129,6,9,1,'42','2012-12-06 12:26:12'),(130,6,1,1,'48','2012-12-06 12:39:10'),(131,6,4,1,'35','2012-12-06 12:50:00'),(132,6,2,1,'35','2012-12-06 13:15:17'),(133,6,34,1,'28','2012-12-06 18:39:31'),(134,7,35,4,'112','2012-12-06 18:39:53'),(135,6,2,1,'35','2012-12-06 19:25:18'),(136,6,7,1,'42','2012-12-06 19:25:29'),(137,6,8,1,'44','2012-12-06 19:25:37'),(138,6,2,88,'3080','2012-12-06 19:25:54'),(139,4,4,1,'35','2012-12-06 19:49:47'),(140,7,1,1,'48','2012-12-07 13:27:08'),(141,7,4,1,'35','2012-12-07 14:26:58'),(142,7,9,1,'42','2012-12-07 14:27:12'),(143,4,2,1,'35','2012-12-07 22:51:56'),(144,7,5,1,'52','2012-12-07 22:52:16'),(145,5,3,1,'42','2012-12-08 00:01:31'),(146,5,5,1,'52','2012-12-08 00:01:35'),(147,5,8,1,'44','2012-12-08 00:01:39'),(148,7,5,1,'52','2012-12-08 00:02:46'),(149,7,4,1,'35','2012-12-08 00:20:38'),(150,4,1,1,'48','2012-12-08 21:18:43'),(151,4,3,1,'42','2012-12-08 21:18:48'),(152,4,2,1,'35','2012-12-09 04:34:07'),(153,4,1,1,'48','2012-12-09 04:36:13'),(154,4,1,1,'48','2012-12-09 04:45:27'),(172,5,2,1,'35','2012-12-11 05:23:03'),(173,5,5,1,'52','2012-12-11 05:23:09'),(174,5,1,1,'48','2012-12-12 19:01:42'),(175,5,19,1,'48','2012-12-12 19:01:53'),(176,6,4,1,'35','2012-12-13 17:00:40'),(177,5,2,4,'140','2012-12-13 17:37:00'),(178,5,1,1,'48','2012-12-13 18:22:04'),(179,5,2,1,'35','2012-12-13 18:22:08'),(180,5,8,1,'44','2012-12-13 18:22:12'),(181,5,10,1,'52','2012-12-13 18:22:13'),(182,5,11,1,'35','2012-12-13 18:22:17'),(185,5,2,1,'35','2012-12-13 19:20:56'),(186,5,3,1,'42','2012-12-13 19:20:58'),(187,5,14,1,'48','2012-12-13 19:20:59'),(188,5,17,1,'42','2012-12-13 19:21:01'),(190,5,2,1,'35','2012-12-14 01:50:05'),(191,5,4,1,'35','2012-12-14 01:50:07'),(192,5,6,1,'42','2012-12-14 01:50:10'),(193,5,7,1,'42','2012-12-14 01:50:11'),(194,5,9,1,'42','2012-12-14 01:50:15'),(195,5,8,1,'44','2012-12-14 01:50:16'),(196,5,12,1,'42','2012-12-14 01:50:20'),(198,5,3,1,'42','2012-12-14 02:58:06'),(201,5,8,1,'44','2012-12-14 02:58:10'),(202,5,3,1,'42','2012-12-14 02:58:12'),(205,5,2,4,'140','2012-12-14 19:55:17'),(206,5,4,1,'35','2012-12-15 06:05:46'),(207,6,7,1,'42','2012-12-15 18:38:47'),(208,6,7,1,'42','2012-12-15 19:00:03'),(209,6,6,1,'42','2012-12-15 19:00:08'),(216,6,8,1,'44','2012-12-15 20:59:24'),(217,9,5,1,'52','2012-12-15 21:06:27'),(218,9,7,1,'42','2012-12-15 21:08:40'),(219,7,12,1,'42','2012-12-15 21:17:01'),(220,7,5,1,'52','2012-12-15 21:19:52'),(221,7,6,1,'42','2012-12-15 21:32:42'),(222,7,6,1,'42','2012-12-15 22:26:08'),(223,9,8,1,'44','2012-12-15 22:28:44'),(224,10,6,1,'42','2012-12-15 22:30:55'),(225,9,1,1,'48','2012-12-15 23:18:24'),(226,9,2,1,'35','2012-12-15 23:18:26'),(227,9,3,1,'42','2012-12-15 23:18:27'),(228,8,3,1,'42','2012-12-15 23:20:21'),(229,10,7,1,'42','2012-12-15 23:22:44'),(230,10,3,1,'42','2012-12-15 23:22:46'),(231,10,7,1,'42','2012-12-15 23:22:48'),(232,10,8,1,'44','2012-12-15 23:22:49'),(233,9,3,1,'42','2012-12-15 23:24:11'),(234,9,4,1,'35','2012-12-15 23:24:13'),(235,7,8,1,'44','2012-12-15 23:28:53'),(236,8,3,1,'42','2012-12-16 18:14:12'),(237,7,6,1,'42','2012-12-16 18:16:02'),(238,7,3,1,'42','2012-12-16 18:16:03'),(239,3,5,1,'52','2012-12-16 18:19:10'),(240,3,10,1,'52','2012-12-16 18:19:11'),(241,6,7,1,'42','2012-12-16 18:24:40'),(242,10,6,1,'42','2012-12-16 18:26:21'),(243,4,2,1,'35','2012-12-16 18:27:43'),(244,4,2,1,'35','2012-12-16 18:27:44'),(245,6,3,1,'42','2012-12-16 18:33:17'),(246,8,5,1,'52','2012-12-16 18:43:37'),(247,8,4,1,'35','2012-12-16 18:43:38'),(248,8,3,1,'42','2012-12-16 18:43:40'),(249,8,1,1,'48','2012-12-16 19:41:09'),(250,8,2,1,'35','2012-12-16 19:56:29'),(251,10,5,1,'52','2012-12-16 19:57:53'),(252,10,7,1,'42','2012-12-16 19:57:55'),(253,10,3,1,'42','2012-12-16 20:43:00'),(254,10,2,1,'35','2012-12-16 20:51:41'),(255,10,6,1,'42','2012-12-16 20:51:45'),(256,10,2,1,'35','2012-12-16 22:06:30'),(257,6,3,1,'42','2012-12-16 22:15:15'),(258,6,3,1,'42','2012-12-16 22:44:18'),(259,10,5,1,'52','2012-12-16 23:09:25'),(260,10,3,1,'42','2012-12-16 23:12:20'),(261,10,6,1,'42','2012-12-16 23:12:21'),(262,10,8,1,'44','2012-12-16 23:12:25'),(263,9,4,1,'35','2012-12-16 23:49:41'),(264,9,5,1,'52','2012-12-16 23:49:42'),(265,5,2,1,'35','2012-12-17 00:33:03'),(266,5,2,1,'35','2012-12-17 00:33:04'),(267,5,1,1,'48','2012-12-17 00:33:06'),(268,5,5,1,'52','2012-12-17 00:33:07'),(269,5,4,1,'35','2012-12-17 00:33:08'),(270,5,9,1,'42','2012-12-17 00:33:11'),(271,5,11,1,'35','2012-12-17 00:33:12'),(272,5,9,1,'42','2012-12-17 00:33:14'),(273,5,20,1,'48','2012-12-17 00:33:16'),(274,5,19,1,'48','2012-12-17 00:33:18'),(275,5,22,1,'42','2012-12-17 00:33:19'),(276,5,21,1,'42','2012-12-17 00:33:21'),(277,5,23,1,'5','2012-12-17 00:33:24'),(278,5,24,1,'5','2012-12-17 00:33:26'),(279,5,22,1,'42','2012-12-17 00:33:28'),(280,5,28,1,'5','2012-12-17 00:33:37'),(281,5,28,1,'5','2012-12-17 00:33:38'),(282,5,30,1,'5','2012-12-17 00:33:40'),(283,5,27,1,'5','2012-12-17 00:33:43'),(284,5,33,1,'20','2012-12-17 00:33:46'),(285,5,32,1,'29','2012-12-17 00:33:47'),(286,5,35,1,'28','2012-12-17 00:33:49'),(287,5,31,1,'28','2012-12-17 00:33:51'),(288,5,36,1,'28','2012-12-17 00:33:56'),(289,5,37,1,'18','2012-12-17 00:33:58'),(290,6,21,1,'42','2012-12-17 00:36:27'),(291,6,19,1,'48','2012-12-17 00:36:28'),(292,6,20,1,'48','2012-12-17 00:36:30'),(293,6,22,1,'42','2012-12-17 00:36:31'),(297,5,37,1,'18','2012-12-17 04:49:47'),(298,5,40,1,'25','2012-12-17 04:49:51'),(299,6,40,1,'25','2012-12-17 04:51:15'),(300,6,59,1,'45','2012-12-17 04:51:21'),(301,5,3,1,'42','2012-12-18 01:53:09'),(302,5,5,1,'52','2012-12-18 01:53:13'),(303,5,7,1,'42','2012-12-18 01:53:16'),(304,5,1,1,'48','2012-12-18 01:53:25'),(307,5,1,1,'48','2012-12-18 03:13:54'),(308,5,1,15,'720','2012-12-18 03:14:04'),(309,5,1,3,'144','2012-12-18 03:16:34'),(310,5,1,5,'240','2012-12-18 03:16:51'),(311,5,1,5,'240','2012-12-18 03:17:07'),(312,5,1,5,'240','2012-12-18 03:17:30'),(313,5,2,9,'315','2012-12-18 03:18:52'),(314,5,2,9,'315','2012-12-18 03:19:02'),(315,5,2,9,'315','2012-12-18 03:19:06'),(316,5,2,4,'140','2012-12-18 03:37:37'),(317,6,3,1,'42','2012-12-18 03:39:05'),(318,6,3,1,'42','2012-12-18 03:39:22'),(319,6,3,1,'42','2012-12-18 03:39:35'),(320,6,1,1,'48','2012-12-18 03:39:45'),(321,6,1,1,'48','2012-12-18 03:40:02'),(322,6,1,1,'48','2012-12-18 03:40:08'),(323,6,1,1,'48','2012-12-18 03:40:25'),(324,6,1,1,'48','2012-12-18 03:40:51'),(325,6,3,1,'42','2012-12-18 03:45:52'),(326,7,1,1,'48','2012-12-18 03:49:33'),(327,7,7,1,'42','2012-12-18 03:55:27'),(328,7,1,1,'48','2012-12-18 04:08:39'),(329,7,3,1,'42','2012-12-18 04:10:13'),(330,7,1,1,'48','2012-12-18 04:13:01'),(331,7,1,1,'48','2012-12-18 04:18:46'),(332,7,1,1,'48','2012-12-18 04:24:15'),(333,7,1,1,'48','2012-12-18 04:24:20'),(334,7,5,1,'52','2012-12-18 04:26:32'),(335,7,5,4,'208','2012-12-18 04:26:41'),(336,7,1,5,'240','2012-12-18 04:27:03'),(337,7,2,16,'560','2012-12-18 04:30:30'),(338,7,2,1,'35','2012-12-18 04:30:39'),(339,7,3,14,'588','2012-12-18 04:31:10'),(340,7,3,1,'42','2012-12-18 04:31:13'),(341,7,3,1,'42','2012-12-18 04:31:14'),(342,6,32,20,'580','2012-12-18 04:34:38'),(343,6,57,10,'2250','2012-12-18 04:35:10'),(344,5,57,5,'1125','2012-12-18 04:37:56'),(345,5,44,1,'30','2012-12-18 06:12:13'),(346,5,44,1,'30','2012-12-18 06:12:16'),(347,5,44,1,'30','2012-12-18 06:12:17'),(348,5,4,1,'35','2012-12-18 06:12:39'),(349,5,4,1,'35','2012-12-18 06:12:39'),(350,6,4,1,'35','2012-12-18 06:29:14'),(351,6,4,1,'35','2012-12-18 06:29:15'),(352,6,4,1,'35','2012-12-18 06:29:16'),(353,6,4,1,'35','2012-12-18 06:29:17'),(354,6,4,1,'35','2012-12-18 06:29:17'),(355,6,4,1,'35','2012-12-18 06:29:17'),(356,6,4,1,'35','2012-12-18 06:29:18'),(357,6,4,1,'35','2012-12-18 06:29:18'),(358,6,4,1,'35','2012-12-18 06:29:19'),(359,9,5,1,'52','2012-12-18 06:31:02'),(360,9,5,1,'52','2012-12-18 06:31:03'),(361,9,5,1,'52','2012-12-18 06:31:03'),(362,9,5,1,'52','2012-12-18 06:31:04'),(363,9,5,1,'52','2012-12-18 06:31:04'),(364,9,5,1,'52','2012-12-18 06:31:05'),(365,9,56,1,'75','2012-12-18 06:31:15'),(366,9,56,1,'75','2012-12-18 06:31:16'),(367,9,56,1,'75','2012-12-18 06:31:17'),(368,9,56,1,'75','2012-12-18 06:31:17'),(369,9,56,1,'75','2012-12-18 06:31:18'),(370,9,56,1,'75','2012-12-18 06:31:18'),(371,7,6,1,'42','2012-12-18 06:38:12'),(372,7,46,1,'29','2012-12-18 06:38:21'),(373,7,46,1,'29','2012-12-18 06:38:22'),(374,7,46,1,'29','2012-12-18 06:38:22'),(375,7,46,1,'29','2012-12-18 06:38:23'),(376,7,46,1,'29','2012-12-18 06:38:23'),(377,7,46,1,'29','2012-12-18 06:38:23'),(378,7,46,1,'29','2012-12-18 06:38:24'),(379,7,57,1,'225','2012-12-18 06:38:32'),(380,7,57,1,'225','2012-12-18 06:38:32'),(381,7,57,1,'225','2012-12-18 06:38:33'),(382,7,57,1,'225','2012-12-18 06:38:33'),(383,7,56,1,'75','2012-12-18 06:41:23'),(384,7,56,1,'75','2012-12-18 06:41:25'),(385,7,56,1,'75','2012-12-18 06:41:25'),(386,7,56,1,'75','2012-12-18 06:41:26'),(387,7,56,1,'75','2012-12-18 06:41:26'),(388,7,56,1,'75','2012-12-18 06:41:26'),(389,7,56,1,'75','2012-12-18 06:41:27'),(390,7,57,1,'225','2012-12-18 06:41:33'),(391,7,57,1,'225','2012-12-18 06:41:33'),(392,7,57,1,'225','2012-12-18 06:41:34'),(393,7,57,1,'225','2012-12-18 06:41:34'),(394,7,57,1,'225','2012-12-18 06:41:35'),(395,7,57,1,'225','2012-12-18 06:41:35'),(396,7,57,1,'225','2012-12-18 06:41:36'),(397,7,57,1,'225','2012-12-18 06:41:37'),(398,7,57,1,'225','2012-12-18 06:41:37'),(399,7,57,1,'225','2012-12-18 06:41:37'),(400,7,57,1,'225','2012-12-18 06:41:38'),(401,7,3,1,'42','2012-12-18 16:03:41'),(402,7,1,1,'48','2012-12-18 16:03:46'),(403,7,1,1,'48','2012-12-18 16:06:44'),(404,7,1,1,'48','2012-12-18 16:06:47'),(405,7,2,0,'0','2012-12-18 16:11:29'),(406,7,1,1,'48','2012-12-18 16:13:31'),(407,7,3,1,'42','2012-12-18 16:14:17'),(408,7,1,1,'48','2012-12-18 16:15:44'),(409,7,1,1,'48','2012-12-18 16:15:44'),(410,7,1,1,'48','2012-12-18 16:15:45'),(411,7,1,1,'48','2012-12-18 16:15:46'),(412,7,1,1,'48','2012-12-18 16:15:48'),(413,7,1,1,'48','2012-12-18 16:15:49'),(414,7,1,1,'48','2012-12-18 16:15:49'),(415,7,1,1,'48','2012-12-18 16:15:49'),(416,7,1,1,'48','2012-12-18 16:15:50'),(417,7,1,1,'48','2012-12-18 16:15:50'),(418,7,1,1,'48','2012-12-18 16:15:50'),(419,7,1,1,'48','2012-12-18 16:15:51'),(420,7,1,1,'48','2012-12-18 16:15:51'),(421,7,1,1,'48','2012-12-18 16:15:52'),(422,7,1,1,'48','2012-12-18 16:15:53'),(423,7,1,1,'48','2012-12-18 16:15:53'),(424,7,1,1,'48','2012-12-18 16:16:17'),(425,7,1,1,'48','2012-12-18 16:16:18'),(426,7,1,1,'48','2012-12-18 16:16:19'),(427,7,1,1,'48','2012-12-18 16:16:19'),(428,7,4,1,'35','2012-12-18 16:21:02'),(429,7,4,1,'35','2012-12-18 16:21:03'),(430,7,2,1,'35','2012-12-18 16:21:14'),(431,7,2,1,'35','2012-12-18 16:21:15'),(432,7,2,1,'35','2012-12-18 16:21:16'),(433,7,2,1,'35','2012-12-18 16:21:25'),(434,7,2,1,'35','2012-12-18 16:21:26'),(435,7,2,1,'35','2012-12-18 16:21:27'),(436,7,2,11,'385','2012-12-18 16:27:26'),(437,7,1,1,'48','2012-12-18 16:31:54'),(438,7,1,14,'672','2012-12-18 16:37:37'),(439,7,1,1,'48','2012-12-18 16:37:43'),(444,5,6,1,'42','2012-12-18 17:29:47'),(445,9,10,1,'52','2012-12-18 17:30:36'),(446,9,14,1,'48','2012-12-18 17:30:41'),(447,9,14,1,'48','2012-12-18 17:30:42'),(448,9,14,1,'48','2012-12-18 17:30:43'),(449,9,14,1,'48','2012-12-18 17:30:44'),(450,9,14,27,'1296','2012-12-18 17:31:07'),(451,9,23,1,'5','2012-12-18 17:31:31'),(452,9,23,1,'5','2012-12-18 17:31:32'),(453,9,23,1,'5','2012-12-18 17:31:33'),(454,6,56,1,'75','2012-12-18 17:36:39'),(455,6,56,1,'75','2012-12-18 17:36:40'),(456,6,56,1,'75','2012-12-18 17:36:41'),(457,6,56,1,'75','2012-12-18 17:36:42'),(458,6,56,1,'75','2012-12-18 17:36:43'),(459,6,56,1,'75','2012-12-18 17:36:44'),(460,6,56,1,'75','2012-12-18 17:36:45'),(461,6,56,1,'75','2012-12-18 17:36:45'),(462,6,56,1,'75','2012-12-18 17:36:46'),(463,6,56,1,'75','2012-12-18 17:36:46'),(464,6,56,1,'75','2012-12-18 17:36:47'),(465,6,56,1,'75','2012-12-18 17:36:47'),(466,6,56,1,'75','2012-12-18 17:36:47'),(467,6,56,1,'75','2012-12-18 17:36:48'),(468,6,56,1,'75','2012-12-18 17:36:48'),(469,6,56,1,'75','2012-12-18 17:36:48'),(470,6,56,1,'75','2012-12-18 17:36:49'),(471,6,56,1,'75','2012-12-18 17:36:49'),(472,6,64,1,'80','2012-12-18 17:36:50'),(473,6,64,1,'80','2012-12-18 17:36:51'),(474,6,64,1,'80','2012-12-18 17:36:52'),(475,6,64,1,'80','2012-12-18 17:36:52'),(476,6,64,1,'80','2012-12-18 17:36:54'),(477,6,64,1,'80','2012-12-18 17:36:54'),(478,6,64,1,'80','2012-12-18 17:36:55'),(479,6,64,1,'80','2012-12-18 17:36:55'),(480,8,61,1,'10','2012-12-18 17:52:31'),(481,8,61,1,'10','2012-12-18 17:52:32'),(482,8,61,1,'10','2012-12-18 17:52:33'),(483,8,61,1,'10','2012-12-18 17:52:33'),(484,8,61,1,'10','2012-12-18 17:52:34'),(485,8,61,1,'10','2012-12-18 17:52:36'),(486,8,61,1,'10','2012-12-18 17:52:37'),(487,8,61,1,'10','2012-12-18 17:52:37'),(488,8,61,1,'10','2012-12-18 17:52:37'),(489,8,61,1,'10','2012-12-18 17:52:37'),(490,8,61,1,'10','2012-12-18 17:52:38'),(491,8,61,1,'10','2012-12-18 17:52:38'),(492,8,61,1,'10','2012-12-18 17:52:38'),(493,8,61,1,'10','2012-12-18 17:52:39'),(494,8,61,1,'10','2012-12-18 17:52:39'),(495,8,61,1,'10','2012-12-18 17:52:39'),(496,9,54,1,'62','2012-12-18 17:54:02'),(497,9,54,1,'62','2012-12-18 17:54:07'),(498,9,54,1,'62','2012-12-18 17:54:08'),(499,9,54,1,'62','2012-12-18 17:54:09'),(500,9,54,1,'62','2012-12-18 17:54:10'),(501,9,54,1,'62','2012-12-18 17:54:11'),(502,9,54,1,'62','2012-12-18 17:54:12'),(503,9,54,1,'62','2012-12-18 17:54:13'),(504,9,54,1,'62','2012-12-18 17:54:14'),(505,9,54,1,'62','2012-12-18 17:54:15'),(506,9,54,1,'62','2012-12-18 17:54:15'),(507,9,54,1,'62','2012-12-18 17:54:16'),(508,9,54,1,'62','2012-12-18 17:54:17'),(509,9,54,1,'62','2012-12-18 17:54:19'),(510,9,54,1,'62','2012-12-18 17:54:20'),(511,9,54,1,'62','2012-12-18 17:54:20'),(512,9,54,1,'62','2012-12-18 17:54:21'),(513,9,54,1,'62','2012-12-18 17:54:21'),(514,9,54,1,'62','2012-12-18 17:54:21'),(515,9,54,1,'62','2012-12-18 17:54:22'),(516,9,54,1,'62','2012-12-18 17:54:22'),(517,9,54,1,'62','2012-12-18 17:54:22'),(518,9,54,1,'62','2012-12-18 17:54:23'),(519,9,54,1,'62','2012-12-18 17:54:23'),(520,9,54,1,'62','2012-12-18 17:54:23'),(521,8,64,1,'80','2012-12-18 18:10:26'),(522,8,64,1,'80','2012-12-18 18:10:27'),(523,8,64,1,'80','2012-12-18 18:10:29'),(524,8,64,1,'80','2012-12-18 18:10:30'),(525,8,64,1,'80','2012-12-18 18:10:31'),(526,8,64,1,'80','2012-12-18 18:10:31'),(527,8,64,1,'80','2012-12-18 18:10:32'),(528,8,64,1,'80','2012-12-18 18:10:32'),(529,8,64,1,'80','2012-12-18 18:10:32'),(530,8,64,1,'80','2012-12-18 18:10:34'),(531,8,64,1,'80','2012-12-18 18:10:36'),(532,8,64,1,'80','2012-12-18 18:10:37'),(533,8,65,1,'30','2012-12-18 18:10:37'),(534,8,64,1,'80','2012-12-18 18:10:38'),(535,8,65,1,'30','2012-12-18 18:10:39'),(536,8,65,1,'30','2012-12-18 18:10:40'),(537,8,65,1,'30','2012-12-18 18:10:40'),(538,8,65,1,'30','2012-12-18 18:10:41'),(539,8,47,1,'32','2012-12-18 18:11:05'),(540,8,47,1,'32','2012-12-18 18:11:06'),(541,8,47,1,'32','2012-12-18 18:11:06'),(542,8,47,1,'32','2012-12-18 18:11:07'),(543,8,47,1,'32','2012-12-18 18:11:08'),(544,8,47,1,'32','2012-12-18 18:11:09'),(545,9,56,9,'675','2012-12-18 18:38:45'),(546,9,53,39,'468','2012-12-18 18:39:23'),(547,9,53,1,'12','2012-12-18 18:39:29'),(548,9,53,1,'12','2012-12-18 18:39:34'),(549,9,18,20,'840','2012-12-18 19:03:52'),(550,9,17,19,'798','2012-12-18 19:04:41'),(551,9,17,1,'42','2012-12-18 19:04:45'),(552,9,16,19,'988','2012-12-18 19:17:36'),(553,9,16,1,'52','2012-12-18 19:17:43'),(554,9,50,1,'12','2012-12-18 19:19:20'),(555,9,50,1,'12','2012-12-18 19:19:21'),(556,9,50,1,'12','2012-12-18 19:19:22'),(557,9,50,1,'12','2012-12-18 19:19:23'),(558,9,50,1,'12','2012-12-18 19:19:23'),(559,9,50,1,'12','2012-12-18 19:19:24'),(560,9,50,1,'12','2012-12-18 19:19:26'),(561,9,50,1,'12','2012-12-18 19:19:27'),(562,9,50,1,'12','2012-12-18 19:19:27'),(563,9,50,1,'12','2012-12-18 19:19:27'),(564,9,50,1,'12','2012-12-18 19:19:29'),(565,9,50,1,'12','2012-12-18 19:19:30'),(566,9,50,1,'12','2012-12-18 19:19:30'),(567,9,50,1,'12','2012-12-18 19:19:31'),(568,9,50,1,'12','2012-12-18 19:19:32'),(569,9,50,1,'12','2012-12-18 19:19:33'),(570,9,50,1,'12','2012-12-18 19:19:33'),(571,9,50,1,'12','2012-12-18 19:19:33'),(572,9,50,1,'12','2012-12-18 19:19:33'),(573,9,50,1,'12','2012-12-18 19:19:34'),(574,9,50,1,'12','2012-12-18 19:19:34'),(575,9,50,1,'12','2012-12-18 19:19:35'),(576,9,50,1,'12','2012-12-18 19:19:35'),(577,9,50,1,'12','2012-12-18 19:19:36'),(578,9,50,1,'12','2012-12-18 19:19:36'),(579,6,63,1,'12','2012-12-18 19:34:37'),(580,7,65,1,'30','2012-12-18 19:48:07'),(581,6,10,27,'1404','2012-12-19 01:24:23'),(582,6,10,1,'52','2012-12-19 01:24:34'),(583,6,38,29,'870','2012-12-19 01:27:57'),(584,6,38,1,'30','2012-12-19 01:28:01');
/*!40000 ALTER TABLE `carga_temporal` ENABLE KEYS */;
UNLOCK TABLES;

--
-- Table structure for table `carrito`
--

DROP TABLE IF EXISTS `carrito`;
/*!40101 SET @saved_cs_client     = @@character_set_client */;
/*!40101 SET character_set_client = utf8 */;
CREATE TABLE `carrito` (
  `id_carrito` int(11) NOT NULL AUTO_INCREMENT,
  `id_usuario` int(11) NOT NULL,
  `fecha` datetime NOT NULL,
  PRIMARY KEY (`id_carrito`)
) ENGINE=MyISAM AUTO_INCREMENT=31 DEFAULT CHARSET=latin1;
/*!40101 SET character_set_client = @saved_cs_client */;

--
-- Dumping data for table `carrito`
--

LOCK TABLES `carrito` WRITE;
/*!40000 ALTER TABLE `carrito` DISABLE KEYS */;
INSERT INTO `carrito` VALUES (19,35,'2012-11-24 23:46:58'),(20,35,'2012-11-25 03:08:59'),(21,35,'2012-11-25 03:11:45'),(22,35,'2012-11-25 03:12:11'),(23,35,'2012-11-25 03:12:17'),(24,35,'2012-11-25 03:13:01'),(25,35,'2012-11-25 03:13:41'),(26,35,'2012-11-25 03:13:45'),(27,35,'2012-11-25 03:13:49'),(28,35,'2012-11-25 03:13:53'),(29,35,'2012-11-25 04:02:02'),(30,35,'2012-11-25 18:37:23');
/*!40000 ALTER TABLE `carrito` ENABLE KEYS */;
UNLOCK TABLES;

--
-- Table structure for table `carrito_items`
--

DROP TABLE IF EXISTS `carrito_items`;
/*!40101 SET @saved_cs_client     = @@character_set_client */;
/*!40101 SET character_set_client = utf8 */;
CREATE TABLE `carrito_items` (
  `id_items` int(11) NOT NULL AUTO_INCREMENT,
  `id_carrito` int(11) NOT NULL,
  `id_articulo` int(11) NOT NULL,
  `precio` decimal(10,0) NOT NULL,
  `cantidad` int(11) NOT NULL,
  PRIMARY KEY (`id_items`),
  KEY `id_carrito` (`id_carrito`)
) ENGINE=MyISAM AUTO_INCREMENT=66 DEFAULT CHARSET=latin1;
/*!40101 SET character_set_client = @saved_cs_client */;

--
-- Dumping data for table `carrito_items`
--

LOCK TABLES `carrito_items` WRITE;
/*!40000 ALTER TABLE `carrito_items` DISABLE KEYS */;
INSERT INTO `carrito_items` VALUES (1,19,2,'35',1),(2,19,1,'48',1),(3,19,8,'44',1),(4,19,10,'52',1),(5,19,9,'42',1),(6,20,1,'48',1),(7,20,8,'44',1),(8,20,10,'52',1),(9,20,9,'42',1),(10,20,2,'35',1),(11,20,57,'225',1),(12,21,1,'48',1),(13,21,8,'44',1),(14,21,10,'52',1),(15,21,9,'42',1),(16,21,2,'35',1),(17,21,57,'225',1),(18,22,1,'48',1),(19,22,8,'44',1),(20,22,10,'52',1),(21,22,9,'42',1),(22,22,2,'35',1),(23,22,57,'225',1),(24,23,1,'48',1),(25,23,8,'44',1),(26,23,10,'52',1),(27,23,9,'42',1),(28,23,2,'35',1),(29,23,57,'225',1),(30,24,1,'48',1),(31,24,8,'44',1),(32,24,10,'52',1),(33,24,9,'42',1),(34,24,2,'35',1),(35,24,57,'225',1),(36,25,1,'48',1),(37,25,8,'44',1),(38,25,10,'52',1),(39,25,9,'42',1),(40,25,2,'35',1),(41,25,57,'225',1),(42,26,1,'48',1),(43,26,8,'44',1),(44,26,10,'52',1),(45,26,9,'42',1),(46,26,2,'35',1),(47,26,57,'225',1),(48,27,1,'48',1),(49,27,8,'44',1),(50,27,10,'52',1),(51,27,9,'42',1),(52,27,2,'35',1),(53,27,57,'225',1),(54,28,1,'48',1),(55,28,8,'44',1),(56,28,10,'52',1),(57,28,9,'42',1),(58,28,2,'35',1),(59,28,57,'225',1),(60,29,1,'48',1),(61,29,8,'44',1),(62,29,10,'52',1),(63,29,9,'42',1),(64,29,2,'35',1),(65,29,57,'225',1);
/*!40000 ALTER TABLE `carrito_items` ENABLE KEYS */;
UNLOCK TABLES;

--
-- Table structure for table `estado_mesa`
--

DROP TABLE IF EXISTS `estado_mesa`;
/*!40101 SET @saved_cs_client     = @@character_set_client */;
/*!40101 SET character_set_client = utf8 */;
CREATE TABLE `estado_mesa` (
  `id_estado` int(11) NOT NULL AUTO_INCREMENT,
  `descripcion` varchar(30) CHARACTER SET utf8 COLLATE utf8_spanish_ci NOT NULL,
  `color` text CHARACTER SET utf8 COLLATE utf8_spanish_ci NOT NULL,
  PRIMARY KEY (`id_estado`)
) ENGINE=MyISAM AUTO_INCREMENT=5 DEFAULT CHARSET=latin1;
/*!40101 SET character_set_client = @saved_cs_client */;

--
-- Dumping data for table `estado_mesa`
--

LOCK TABLES `estado_mesa` WRITE;
/*!40000 ALTER TABLE `estado_mesa` DISABLE KEYS */;
INSERT INTO `estado_mesa` VALUES (1,'abierta','roja'),(2,'reservada','naranja'),(3,'pendiente de cobro','celeste'),(4,'cerrada','verde');
/*!40000 ALTER TABLE `estado_mesa` ENABLE KEYS */;
UNLOCK TABLES;

--
-- Table structure for table `formasdepago`
--

DROP TABLE IF EXISTS `formasdepago`;
/*!40101 SET @saved_cs_client     = @@character_set_client */;
/*!40101 SET character_set_client = utf8 */;
CREATE TABLE `formasdepago` (
  `id_tipo` int(11) NOT NULL AUTO_INCREMENT,
  `descripcion` varchar(30) CHARACTER SET utf8 COLLATE utf8_spanish_ci NOT NULL,
  PRIMARY KEY (`id_tipo`)
) ENGINE=MyISAM DEFAULT CHARSET=latin1;
/*!40101 SET character_set_client = @saved_cs_client */;

--
-- Dumping data for table `formasdepago`
--

LOCK TABLES `formasdepago` WRITE;
/*!40000 ALTER TABLE `formasdepago` DISABLE KEYS */;
/*!40000 ALTER TABLE `formasdepago` ENABLE KEYS */;
UNLOCK TABLES;

--
-- Table structure for table `mesas`
--

DROP TABLE IF EXISTS `mesas`;
/*!40101 SET @saved_cs_client     = @@character_set_client */;
/*!40101 SET character_set_client = utf8 */;
CREATE TABLE `mesas` (
  `id_mesa` int(11) NOT NULL AUTO_INCREMENT,
  `estado` varchar(20) CHARACTER SET utf8 COLLATE utf8_spanish_ci NOT NULL,
  `mozo_asig` int(11) NOT NULL,
  `fecha_apertura` datetime NOT NULL,
  `comensales` int(4) NOT NULL,
  `compartida_a` int(11) DEFAULT NULL,
  `compartida_b` int(11) DEFAULT NULL,
  PRIMARY KEY (`id_mesa`)
) ENGINE=MyISAM AUTO_INCREMENT=11 DEFAULT CHARSET=latin1;
/*!40101 SET character_set_client = @saved_cs_client */;

--
-- Dumping data for table `mesas`
--

LOCK TABLES `mesas` WRITE;
/*!40000 ALTER TABLE `mesas` DISABLE KEYS */;
INSERT INTO `mesas` VALUES (1,'4',1,'2012-12-05 17:05:41',0,NULL,NULL),(2,'2',2,'0000-00-00 00:00:00',0,NULL,NULL),(3,'4',3,'2012-12-17 20:10:20',0,NULL,NULL),(4,'4',4,'2012-12-18 16:46:09',0,NULL,NULL),(5,'4',5,'2012-12-18 16:51:41',0,NULL,NULL),(6,'4',1,'2012-12-19 01:24:14',0,NULL,NULL),(7,'4',2,'2012-12-18 19:48:00',0,NULL,NULL),(8,'4',3,'2012-12-18 18:10:21',0,NULL,NULL),(9,'4',4,'2012-12-18 18:27:35',0,NULL,NULL),(10,'4',5,'2012-12-16 23:12:01',0,NULL,NULL);
/*!40000 ALTER TABLE `mesas` ENABLE KEYS */;
UNLOCK TABLES;

--
-- Table structure for table `mozos`
--

DROP TABLE IF EXISTS `mozos`;
/*!40101 SET @saved_cs_client     = @@character_set_client */;
/*!40101 SET character_set_client = utf8 */;
CREATE TABLE `mozos` (
  `id_mozo` int(11) NOT NULL AUTO_INCREMENT,
  `nombre` varchar(40) NOT NULL,
  PRIMARY KEY (`id_mozo`)
) ENGINE=MyISAM AUTO_INCREMENT=6 DEFAULT CHARSET=latin1;
/*!40101 SET character_set_client = @saved_cs_client */;

--
-- Dumping data for table `mozos`
--

LOCK TABLES `mozos` WRITE;
/*!40000 ALTER TABLE `mozos` DISABLE KEYS */;
INSERT INTO `mozos` VALUES (1,'Pablo Lopez'),(2,'Matias Podesta'),(3,'Mariano Torres'),(4,'Jorge Acevedo'),(5,'Hernan Palavecino');
/*!40000 ALTER TABLE `mozos` ENABLE KEYS */;
UNLOCK TABLES;

--
-- Table structure for table `pedido_online_c`
--

DROP TABLE IF EXISTS `pedido_online_c`;
/*!40101 SET @saved_cs_client     = @@character_set_client */;
/*!40101 SET character_set_client = utf8 */;
CREATE TABLE `pedido_online_c` (
  `id_pedido` int(11) NOT NULL AUTO_INCREMENT,
  `estado` varchar(30) CHARACTER SET utf8 COLLATE utf8_spanish_ci NOT NULL,
  `forma_pago` int(11) NOT NULL,
  `id_usuario` varchar(30) CHARACTER SET utf8 COLLATE utf8_spanish_ci NOT NULL,
  `fecha_entrega` datetime NOT NULL,
  `total` decimal(10,0) NOT NULL,
  `paga_con` decimal(10,0) NOT NULL,
  `vuelto` decimal(10,0) NOT NULL,
  PRIMARY KEY (`id_pedido`)
) ENGINE=MyISAM DEFAULT CHARSET=latin1;
/*!40101 SET character_set_client = @saved_cs_client */;

--
-- Dumping data for table `pedido_online_c`
--

LOCK TABLES `pedido_online_c` WRITE;
/*!40000 ALTER TABLE `pedido_online_c` DISABLE KEYS */;
/*!40000 ALTER TABLE `pedido_online_c` ENABLE KEYS */;
UNLOCK TABLES;

--
-- Table structure for table `productos`
--

DROP TABLE IF EXISTS `productos`;
/*!40101 SET @saved_cs_client     = @@character_set_client */;
/*!40101 SET character_set_client = utf8 */;
CREATE TABLE `productos` (
  `codigo` int(11) NOT NULL AUTO_INCREMENT,
  `descripcion` varchar(30) CHARACTER SET utf8 COLLATE utf8_spanish_ci NOT NULL,
  `comentario` varchar(50) CHARACTER SET utf8 COLLATE utf8_spanish_ci NOT NULL,
  `precio` decimal(5,2) NOT NULL,
  `proveedor` int(11) NOT NULL,
  `rubro` int(11) NOT NULL,
  `stock` int(11) NOT NULL,
  `stock_minimo` int(11) NOT NULL,
  `stock_ideal` int(11) NOT NULL,
  PRIMARY KEY (`codigo`)
) ENGINE=MyISAM AUTO_INCREMENT=66 DEFAULT CHARSET=latin1;
/*!40101 SET character_set_client = @saved_cs_client */;

--
-- Dumping data for table `productos`
--

LOCK TABLES `productos` WRITE;
/*!40000 ALTER TABLE `productos` DISABLE KEYS */;
INSERT INTO `productos` VALUES (1,'Pizza 3 quesos','Muzzarella, Roquefort y Provolone','48.00',0,1,200,10,20),(2,'Al oleo','','35.00',0,1,200,10,20),(3,'Albahaca','Muzzarella y albahaca','42.00',0,1,17,10,20),(4,'Anchoas','','35.00',0,1,200,10,20),(5,'Brava','Muzarella, Rodajas de provolone y longaniza','52.00',0,1,19,20,10),(6,'Calabresa','Muzarella y longaniza','42.00',0,1,16,10,20),(7,'Carne','Muzzarella y carne picada y provolone rallado','42.00',0,1,29,10,20),(8,'Champignones','Muzzarella y champignones','44.00',0,1,30,10,20),(9,'Combinada','Muzzarella y anchoas','42.00',0,1,30,10,20),(10,'COmpleta','Muzzarella, Jamon, Morrones, Palmitos','52.00',0,1,200,10,20),(11,'Fugazza','Cebolla','35.00',0,1,20,5,10),(12,'Fugazzeta','Muzzarella y cebolla','42.00',0,1,15,5,10),(13,'Fugazzeta con jamon','Muzzarella, Cebolla y Jamon','48.00',0,1,30,10,20),(14,'Fugazzeta con roquefort','Muzzarella,cebolla, y Roquefort','48.00',0,1,200,5,15),(15,'Fugazzeta con tomate','Muzzarella, Cebolla y rodajas de tomate','48.00',0,1,40,10,30),(16,'Gran calabresa','Muzarella, Longaniza, Jamon y Morrones','52.00',0,1,200,5,10),(17,'Gran oleo','Ajo y jamon picado','42.00',0,1,200,5,10),(18,'Humita','Choclo en granos y cremoso','42.00',0,1,200,5,10),(19,'Italiana','Muzzarella, Huevo duro y Anchoas','48.00',0,1,30,5,10),(20,'Jamon y Huevo duro','','48.00',0,1,30,5,10),(21,'Jamon','Jamon y morrones','42.00',0,1,20,6,13),(22,'Napolitana','Muzzarella y rodajas de tomate','42.00',0,1,50,10,30),(23,'Calabresa','Muzarella y longaniza','5.00',0,2,37,4,20),(24,'Carne picante','','5.00',0,2,40,3,30),(25,'Carne suave','','5.00',0,2,20,3,10),(26,'Humita','','5.00',0,2,50,10,30),(27,'Jamon y queso','','5.00',0,2,20,3,18),(28,'Pollo','','5.00',0,2,80,10,40),(29,'Queso y cebolla','','5.00',0,2,40,10,30),(30,'Verdura','','5.00',0,2,30,4,20),(31,'Completa','Lechuga, tomate, zanahoria,Huevo, Jamon ','28.00',0,3,30,5,10),(32,'La Mirage','Zanahoria, Choclo, manzana, y queso','29.00',0,3,10,3,10),(33,'Mixta','Lechuga y tomate','20.00',0,3,40,5,10),(34,'Privavera','Tomate, Jamon, huevo, morrones','28.00',0,3,20,4,18),(35,'Super','Lechuga, tomate, jamon, queso, choclo','28.00',0,3,50,10,30),(36,'Tropical','Manzana rallada, palmitos, anana, y zanahoria','28.00',0,3,40,10,30),(37,'Hamburguesa','','18.00',0,4,50,5,40),(38,'Hamburguesa completa','Jamon, Queso, lechuga, Huevo,','30.00',0,4,200,5,30),(39,'Hamburguesa con fritas','','22.00',0,4,30,5,20),(40,'Hamburguesa con jamon','','25.00',0,4,80,5,30),(41,'Huevo duro','','4.00',0,4,30,4,20),(42,'Milanesa de Ternera','','24.00',0,4,30,3,24),(43,'Milanesa de ternera con fritas','','30.00',0,4,50,10,30),(44,'Milanesa Napolitana','','30.00',0,4,57,10,40),(45,'Papas fritas','','19.00',0,4,90,10,50),(46,'Suprema de pollo','','29.00',0,4,43,10,40),(47,'Suprema de pollo napolitana','','32.00',0,4,84,10,50),(48,'Coca 1L 1/2','','12.00',0,5,100,10,80),(49,'Coca light 1L 1/2','','12.00',0,5,100,10,90),(50,'Coca Zero 1L 1/2','','12.00',0,5,77,10,90),(51,'Fanta Naranja 1L 1/2','','12.00',0,5,200,10,40),(52,'Fanta Pomelo 1L 1/2','','12.00',0,5,200,10,49),(53,'Sprite 1L 1/2','','12.00',0,5,200,10,20),(54,'Fernet Branca 750cc','','62.00',0,6,200,10,100),(55,'vodka KovaK 1L','','40.00',0,6,200,10,20),(56,'Ron Habanna','','75.00',0,6,200,10,30),(57,'wisky ETIQUETA NEGRA','','225.00',0,6,200,5,17),(58,'Vino espumante FRIZZE','','20.00',0,6,120,10,100),(59,'Champagne Alvear','','45.00',0,6,50,5,40),(60,'Cerveza Quilmes','','10.00',0,6,200,10,150),(61,'Cerveza Brahma','','10.00',0,6,184,10,150),(62,'Budin de pan casera','Adicional: Dulce de leche o crema','12.00',0,7,30,5,20),(63,'Flan Casero','Adicional: dulce de leche o crema','12.00',0,7,39,10,30),(64,'Helado','','80.00',0,7,69,10,80),(65,'Ensalada de frutas','','30.00',0,7,27,10,29);
/*!40000 ALTER TABLE `productos` ENABLE KEYS */;
UNLOCK TABLES;

--
-- Table structure for table `proveedores`
--

DROP TABLE IF EXISTS `proveedores`;
/*!40101 SET @saved_cs_client     = @@character_set_client */;
/*!40101 SET character_set_client = utf8 */;
CREATE TABLE `proveedores` (
  `id_proveedor` int(11) NOT NULL AUTO_INCREMENT,
  `descripcion` varchar(30) CHARACTER SET utf8 COLLATE utf8_spanish_ci NOT NULL,
  PRIMARY KEY (`id_proveedor`)
) ENGINE=MyISAM AUTO_INCREMENT=3 DEFAULT CHARSET=latin1;
/*!40101 SET character_set_client = @saved_cs_client */;

--
-- Dumping data for table `proveedores`
--

LOCK TABLES `proveedores` WRITE;
/*!40000 ALTER TABLE `proveedores` DISABLE KEYS */;
INSERT INTO `proveedores` VALUES (1,'coca cola'),(2,'Cerveza quilmes');
/*!40000 ALTER TABLE `proveedores` ENABLE KEYS */;
UNLOCK TABLES;

--
-- Table structure for table `reservas`
--

DROP TABLE IF EXISTS `reservas`;
/*!40101 SET @saved_cs_client     = @@character_set_client */;
/*!40101 SET character_set_client = utf8 */;
CREATE TABLE `reservas` (
  `id_reserva` int(11) NOT NULL AUTO_INCREMENT,
  `nombre_cliente` varchar(30) CHARACTER SET utf8 COLLATE utf8_spanish_ci NOT NULL,
  `fecha_hora` datetime NOT NULL,
  `mesa` float NOT NULL,
  `comensales` int(11) NOT NULL,
  `comentarios` varchar(50) CHARACTER SET utf8 COLLATE utf8_turkish_ci NOT NULL,
  PRIMARY KEY (`id_reserva`)
) ENGINE=MyISAM DEFAULT CHARSET=latin1;
/*!40101 SET character_set_client = @saved_cs_client */;

--
-- Dumping data for table `reservas`
--

LOCK TABLES `reservas` WRITE;
/*!40000 ALTER TABLE `reservas` DISABLE KEYS */;
/*!40000 ALTER TABLE `reservas` ENABLE KEYS */;
UNLOCK TABLES;

--
-- Table structure for table `rubro_prod`
--

DROP TABLE IF EXISTS `rubro_prod`;
/*!40101 SET @saved_cs_client     = @@character_set_client */;
/*!40101 SET character_set_client = utf8 */;
CREATE TABLE `rubro_prod` (
  `id_rubro` int(11) NOT NULL AUTO_INCREMENT,
  `descripcion` varchar(30) NOT NULL,
  PRIMARY KEY (`id_rubro`)
) ENGINE=MyISAM AUTO_INCREMENT=8 DEFAULT CHARSET=latin1;
/*!40101 SET character_set_client = @saved_cs_client */;

--
-- Dumping data for table `rubro_prod`
--

LOCK TABLES `rubro_prod` WRITE;
/*!40000 ALTER TABLE `rubro_prod` DISABLE KEYS */;
INSERT INTO `rubro_prod` VALUES (1,'pizzas grandes'),(2,'empanadas'),(3,'ensaladas'),(4,'minutas'),(5,'bebidas sin alcohol'),(6,'bebidas con alcohol'),(7,'postres');
/*!40000 ALTER TABLE `rubro_prod` ENABLE KEYS */;
UNLOCK TABLES;

--
-- Table structure for table `tablafalsa`
--

DROP TABLE IF EXISTS `tablafalsa`;
/*!40101 SET @saved_cs_client     = @@character_set_client */;
/*!40101 SET character_set_client = utf8 */;
CREATE TABLE `tablafalsa` (
  `cantidad` int(11) NOT NULL,
  `descripcion` int(11) NOT NULL,
  `precio` int(11) NOT NULL
) ENGINE=MyISAM DEFAULT CHARSET=latin1;
/*!40101 SET character_set_client = @saved_cs_client */;

--
-- Dumping data for table `tablafalsa`
--

LOCK TABLES `tablafalsa` WRITE;
/*!40000 ALTER TABLE `tablafalsa` DISABLE KEYS */;
/*!40000 ALTER TABLE `tablafalsa` ENABLE KEYS */;
UNLOCK TABLES;

--
-- Table structure for table `usuarios`
--

DROP TABLE IF EXISTS `usuarios`;
/*!40101 SET @saved_cs_client     = @@character_set_client */;
/*!40101 SET character_set_client = utf8 */;
CREATE TABLE `usuarios` (
  `id_usuario` int(11) NOT NULL AUTO_INCREMENT,
  `usuario` varchar(30) CHARACTER SET utf8 COLLATE utf8_spanish_ci NOT NULL,
  `pass` varchar(30) CHARACTER SET utf8 COLLATE utf8_spanish_ci NOT NULL,
  `nombre` varchar(30) CHARACTER SET utf8 COLLATE utf8_spanish_ci NOT NULL,
  `email` varchar(50) NOT NULL,
  `telefono` int(11) NOT NULL,
  `fechanac` date NOT NULL,
  `sexo` varchar(2) NOT NULL,
  `calle` varchar(30) CHARACTER SET utf8 COLLATE utf8_spanish_ci NOT NULL,
  `direccion` int(11) NOT NULL,
  `comentarios` varchar(100) CHARACTER SET utf8 COLLATE utf8_spanish_ci NOT NULL,
  `fecha` date NOT NULL,
  `activate` varchar(20) CHARACTER SET utf8 COLLATE utf8_spanish_ci NOT NULL,
  `estado` int(11) NOT NULL,
  PRIMARY KEY (`id_usuario`)
) ENGINE=MyISAM AUTO_INCREMENT=2 DEFAULT CHARSET=latin1;
/*!40101 SET character_set_client = @saved_cs_client */;

--
-- Dumping data for table `usuarios`
--

LOCK TABLES `usuarios` WRITE;
/*!40000 ALTER TABLE `usuarios` DISABLE KEYS */;
INSERT INTO `usuarios` VALUES (1,'juanbon','17324235011af66d659cbb7a2d2cbe','juan','juanmbonifacio@gmail.com',2147483647,'0000-00-00','1','akljdajkds',93929898,'hola carambolas','0000-00-00','',0);
/*!40000 ALTER TABLE `usuarios` ENABLE KEYS */;
UNLOCK TABLES;
/*!40103 SET TIME_ZONE=@OLD_TIME_ZONE */;

/*!40101 SET SQL_MODE=@OLD_SQL_MODE */;
/*!40014 SET FOREIGN_KEY_CHECKS=@OLD_FOREIGN_KEY_CHECKS */;
/*!40014 SET UNIQUE_CHECKS=@OLD_UNIQUE_CHECKS */;
/*!40111 SET SQL_NOTES=@OLD_SQL_NOTES */;

-- Dump completed on 2012-12-19  9:18:05
